"area(mm2)","perimetro(mm)","Umbral.Otsu","1.pix(mm)","area.umbral(mm2)","per.umbral(mm)","int.max","area.min(mm2)","per.min(mm)","pixsd"
17.1062883377887,24.4721355014033,211.162470497586,0.01478341,0.64,2.4,255,2.50663522329443,24.4721355014033,0.000230982388660756
14.5364623727467,28.4253419841415,NA,NA,NA,NA,NA,NA,NA,NA
7.32818233578917,35.9490033114511,NA,NA,NA,NA,NA,NA,NA,NA
15.6193553746067,29.6549014463016,NA,NA,NA,NA,NA,NA,NA,NA
17.3597940696185,25.2653667770838,NA,NA,NA,NA,NA,NA,NA,NA
3.68645239869636,30.7684004707548,NA,NA,NA,NA,NA,NA,NA,NA
18.655349863827,26.694931051907,NA,NA,NA,NA,NA,NA,NA,NA
18.4983730175479,33.1185274777959,NA,NA,NA,NA,NA,NA,NA,NA
2.50663522329443,27.0186802643479,NA,NA,NA,NA,NA,NA,NA,NA
